name,activeIngredient,manufacturer,description,formFactor,country,currency,price,image
Wegovy 0.25mg FlexTouch pre-filled pen of 1.5 ml injection,Semaglutide,Novo Nordisk,"Semaglutide is an anti-diabetic medication used for the treatment of type 2 diabetes, and an anti-obesity medication used for long-term weight management and to reduce the risk of major adverse cardiovascular events. It is a peptide similar to the hormone glucagon-like peptide-1 (GLP-1), modified with a side chain. It can be administered by subcutaneous injection or taken orally. It is sold as a generic drug by several drug companies in the Indian and Canadian markets, and worldwide by its originator, Novo Nordisk, under the brand names Ozempic and Rybelsus for diabetes, and under the brand name Wegovy for weight management, weight loss, and metabolic-associated steatohepatitis.",Pre-filled Pen,,,₹5660,https://drive.google.com/file/d/1oHH4gEZvwv7E_n8XEMfifZ-rLwziMiJ0/view?usp=drivesdk
Rybelsus 14mg Tablet strip of 10 tablets,Semaglutide,Novo Nordisk,"Semaglutide is an anti-diabetic medication used for the treatment of type 2 diabetes, and an anti-obesity medication used for long-term weight management and to reduce the risk of major adverse cardiovascular events. It is a peptide similar to the hormone glucagon-like peptide-1 (GLP-1), modified with a side chain. It can be administered by subcutaneous injection or taken orally. It is sold as a generic drug by several drug companies in the Indian and Canadian markets, and worldwide by its originator, Novo Nordisk, under the brand names Ozempic and Rybelsus for diabetes, and under the brand name Wegovy for weight management, weight loss, and metabolic-associated steatohepatitis.",Tablet,,,₹3628.13,https://drive.google.com/file/d/11vGnPbm7aSrRvGAWeySZ_BPUtR2lx5Fd/view?usp=drivesdk
Rybelsus 7mg Tablet strip of 10 tablets,Semaglutide,Novo Nordisk,"Semaglutide is an anti-diabetic medication used for the treatment of type 2 diabetes, and an anti-obesity medication used for long-term weight management and to reduce the risk of major adverse cardiovascular events. It is a peptide similar to the hormone glucagon-like peptide-1 (GLP-1), modified with a side chain. It can be administered by subcutaneous injection or taken orally. It is sold as a generic drug by several drug companies in the Indian and Canadian markets, and worldwide by its originator, Novo Nordisk, under the brand names Ozempic and Rybelsus for diabetes, and under the brand name Wegovy for weight management, weight loss, and metabolic-associated steatohepatitis.",Tablet,,,₹3300,https://drive.google.com/file/d/1Fv-I7Xd7VssU_cSan1jtbEsQi5Sye0S_/view?usp=drivesdk
Rybelsus 3mg Tablet strip of 10 tablets,Semaglutide,Novo Nordisk,"Semaglutide is an anti-diabetic medication used for the treatment of type 2 diabetes, and an anti-obesity medication used for long-term weight management and to reduce the risk of major adverse cardiovascular events. It is a peptide similar to the hormone glucagon-like peptide-1 (GLP-1), modified with a side chain. It can be administered by subcutaneous injection or taken orally. It is sold as a generic drug by several drug companies in the Indian and Canadian markets, and worldwide by its originator, Novo Nordisk, under the brand names Ozempic and Rybelsus for diabetes, and under the brand name Wegovy for weight management, weight loss, and metabolic-associated steatohepatitis.",Tablet,,,₹2971.88,https://drive.google.com/file/d/142ruYv3KM8rgAXzQQ-kE4yg5X7Y_lUtD/view?usp=drivesdk
Wegovy 0.5mg FlexTouch pre-filled pen of 1.5 ml injection,Semaglutide,Novo Nordisk,"Semaglutide is an anti-diabetic medication used for the treatment of type 2 diabetes, and an anti-obesity medication used for long-term weight management and to reduce the risk of major adverse cardiovascular events. It is a peptide similar to the hormone glucagon-like peptide-1 (GLP-1), modified with a side chain. It can be administered by subcutaneous injection or taken orally. It is sold as a generic drug by several drug companies in the Indian and Canadian markets, and worldwide by its originator, Novo Nordisk, under the brand names Ozempic and Rybelsus for diabetes, and under the brand name Wegovy for weight management, weight loss, and metabolic-associated steatohepatitis.",Pre-filled Pen,,,₹8100,https://drive.google.com/file/d/1Xm4k12nn-g0fOqz7ReNxqnFuMCQdRLgu/view?usp=drivesdk
Wegovy 1mg FlexTouch pre-filled pen of 3 ml injection,Semaglutide,Novo Nordisk,"Semaglutide is an anti-diabetic medication used for the treatment of type 2 diabetes, and an anti-obesity medication used for long-term weight management and to reduce the risk of major adverse cardiovascular events. It is a peptide similar to the hormone glucagon-like peptide-1 (GLP-1), modified with a side chain. It can be administered by subcutaneous injection or taken orally. It is sold as a generic drug by several drug companies in the Indian and Canadian markets, and worldwide by its originator, Novo Nordisk, under the brand names Ozempic and Rybelsus for diabetes, and under the brand name Wegovy for weight management, weight loss, and metabolic-associated steatohepatitis.",Pre-filled Pen,,,₹9100,https://drive.google.com/file/d/1iaJz6a-5KaPKL76nUow_26nM0HYSiHzv/view?usp=drivesdk
Wegovy 2.4mg FlexTouch pre-filled pen of 3 ml injection,Semaglutide,Novo Nordisk,"Semaglutide is an anti-diabetic medication used for the treatment of type 2 diabetes, and an anti-obesity medication used for long-term weight management and to reduce the risk of major adverse cardiovascular events. It is a peptide similar to the hormone glucagon-like peptide-1 (GLP-1), modified with a side chain. It can be administered by subcutaneous injection or taken orally. It is sold as a generic drug by several drug companies in the Indian and Canadian markets, and worldwide by its originator, Novo Nordisk, under the brand names Ozempic and Rybelsus for diabetes, and under the brand name Wegovy for weight management, weight loss, and metabolic-associated steatohepatitis.",Pre-filled Pen,,,₹16400,https://drive.google.com/file/d/1M9HOtw51xcg0tA5uSh2wvlA3tQMXSBcN/view?usp=drivesdk
Wegovy 1.7mg FlexTouch pre-filled pen of 3 ml injection,Semaglutide,Novo Nordisk,"Semaglutide is an anti-diabetic medication used for the treatment of type 2 diabetes, and an anti-obesity medication used for long-term weight management and to reduce the risk of major adverse cardiovascular events. It is a peptide similar to the hormone glucagon-like peptide-1 (GLP-1), modified with a side chain. It can be administered by subcutaneous injection or taken orally. It is sold as a generic drug by several drug companies in the Indian and Canadian markets, and worldwide by its originator, Novo Nordisk, under the brand names Ozempic and Rybelsus for diabetes, and under the brand name Wegovy for weight management, weight loss, and metabolic-associated steatohepatitis.",Pre-filled Pen,,,₹12750,https://drive.google.com/file/d/1fd4hAH7-jUY_FkxHZDh27hWOijq0ojUV/view?usp=drivesdk
Semaglu 1 Pre-filled Pen box of 1 injection,Semaglutide,Mankind Pharma Ltd,"Semaglutide is an anti-diabetic medication used for the treatment of type 2 diabetes, and an anti-obesity medication used for long-term weight management and to reduce the risk of major adverse cardiovascular events. It is a peptide similar to the hormone glucagon-like peptide-1 (GLP-1), modified with a side chain. It can be administered by subcutaneous injection or taken orally. It is sold as a generic drug by several drug companies in the Indian and Canadian markets, and worldwide by its originator, Novo Nordisk, under the brand names Ozempic and Rybelsus for diabetes, and under the brand name Wegovy for weight management, weight loss, and metabolic-associated steatohepatitis.",Pre-filled Pen,,,₹5993,https://drive.google.com/file/d/1Pvv7GtSiWvwdvwCsMqk7hozZLo8AmhQC/view?usp=drivesdk
Olymviq 4mg Pre-filled Pen box of 1 pre-filled pen,Semaglutide,Dr. Reddy's,"Semaglutide is an anti-diabetic medication used for the treatment of type 2 diabetes, and an anti-obesity medication used for long-term weight management and to reduce the risk of major adverse cardiovascular events. It is a peptide similar to the hormone glucagon-like peptide-1 (GLP-1), modified with a side chain. It can be administered by subcutaneous injection or taken orally. It is sold as a generic drug by several drug companies in the Indian and Canadian markets, and worldwide by its originator, Novo Nordisk, under the brand names Ozempic and Rybelsus for diabetes, and under the brand name Wegovy for weight management, weight loss, and metabolic-associated steatohepatitis.",Pre-filled Pen,,,₹4196,https://drive.google.com/file/d/19rd20_nLGkFZakyxPKNl0fJ5dyWdrade/view?usp=drivesdk
"Semasize 1mg Solution for Injection (1 Cartridge, 4 Needle, 4 Alcohol Swab) box of 1 injection",Semaglutide,Alkem Labs,"Semaglutide is an anti-diabetic medication used for the treatment of type 2 diabetes, and an anti-obesity medication used for long-term weight management and to reduce the risk of major adverse cardiovascular events. It is a peptide similar to the hormone glucagon-like peptide-1 (GLP-1), modified with a side chain. It can be administered by subcutaneous injection or taken orally. It is sold as a generic drug by several drug companies in the Indian and Canadian markets, and worldwide by its originator, Novo Nordisk, under the brand names Ozempic and Rybelsus for diabetes, and under the brand name Wegovy for weight management, weight loss, and metabolic-associated steatohepatitis.",Cartridge,,,₹1500,https://drive.google.com/file/d/1ZH4wOe4LI7f5GmAJr92QHX-5JSK-zu9p/view?usp=drivesdk
"Semasize Plus 2.4mg Solution for Injection (1 Cartridge, 4 Needle, 4 Alcohol Swab) box of 1 injection",Semaglutide,Alkem Labs,"Semaglutide is an anti-diabetic medication used for the treatment of type 2 diabetes, and an anti-obesity medication used for long-term weight management and to reduce the risk of major adverse cardiovascular events. It is a peptide similar to the hormone glucagon-like peptide-1 (GLP-1), modified with a side chain. It can be administered by subcutaneous injection or taken orally. It is sold as a generic drug by several drug companies in the Indian and Canadian markets, and worldwide by its originator, Novo Nordisk, under the brand names Ozempic and Rybelsus for diabetes, and under the brand name Wegovy for weight management, weight loss, and metabolic-associated steatohepatitis.",Cartridge,,,₹2550,https://drive.google.com/file/d/1dxnDb8v4JeBhfU78OO6ZuogOpQ2Bvu36/view?usp=drivesdk
"Obesema 1mg Injection (1 Multi-dose Disposable Pen, 4 Needles, 4 Alcohol Swabs) box of 1 pre-filled pen",Semaglutide,Alkem Labs,"Semaglutide is an anti-diabetic medication used for the treatment of type 2 diabetes, and an anti-obesity medication used for long-term weight management and to reduce the risk of major adverse cardiovascular events. It is a peptide similar to the hormone glucagon-like peptide-1 (GLP-1), modified with a side chain. It can be administered by subcutaneous injection or taken orally. It is sold as a generic drug by several drug companies in the Indian and Canadian markets, and worldwide by its originator, Novo Nordisk, under the brand names Ozempic and Rybelsus for diabetes, and under the brand name Wegovy for weight management, weight loss, and metabolic-associated steatohepatitis.",Pre-filled Pen,,,₹1998,https://drive.google.com/file/d/1hi40HE-1KngOvti_RZAWF7ZMSVXJMh2l/view?usp=drivesdk
"Obesema 0.25mg Injection (1 Multi-dose Disposable Pen, 4 Needles, 4 Alcohol Swabs) box of 1 pre-filled pen",Semaglutide,Alkem Labs,"Semaglutide is an anti-diabetic medication used for the treatment of type 2 diabetes, and an anti-obesity medication used for long-term weight management and to reduce the risk of major adverse cardiovascular events. It is a peptide similar to the hormone glucagon-like peptide-1 (GLP-1), modified with a side chain. It can be administered by subcutaneous injection or taken orally. It is sold as a generic drug by several drug companies in the Indian and Canadian markets, and worldwide by its originator, Novo Nordisk, under the brand names Ozempic and Rybelsus for diabetes, and under the brand name Wegovy for weight management, weight loss, and metabolic-associated steatohepatitis.",Pre-filled Pen,,,₹1798,https://drive.google.com/file/d/1dBhOBzeW3c1de-B1V1SZQOhnBFZU70HU/view?usp=drivesdk
"Obesema 1.7mg Injection (1 Multi-dose Disposable Pen, 4 Needles, 4 Alcohol Swabs) box of 1 pre-filled pen",Semaglutide,Alkem Labs,"Semaglutide is an anti-diabetic medication used for the treatment of type 2 diabetes, and an anti-obesity medication used for long-term weight management and to reduce the risk of major adverse cardiovascular events. It is a peptide similar to the hormone glucagon-like peptide-1 (GLP-1), modified with a side chain. It can be administered by subcutaneous injection or taken orally. It is sold as a generic drug by several drug companies in the Indian and Canadian markets, and worldwide by its originator, Novo Nordisk, under the brand names Ozempic and Rybelsus for diabetes, and under the brand name Wegovy for weight management, weight loss, and metabolic-associated steatohepatitis.",Pre-filled Pen,,,₹2498,https://drive.google.com/file/d/18NYcpfSbfA1TS3GErfy6onW17rOUF6gx/view?usp=drivesdk
Poviztra 2.4mg Injection pre-filled pen of 3 ml injection,Semaglutide,Emcure Pharmaceuticals Ltd,"Semaglutide is an anti-diabetic medication used for the treatment of type 2 diabetes, and an anti-obesity medication used for long-term weight management and to reduce the risk of major adverse cardiovascular events. It is a peptide similar to the hormone glucagon-like peptide-1 (GLP-1), modified with a side chain. It can be administered by subcutaneous injection or taken orally. It is sold as a generic drug by several drug companies in the Indian and Canadian markets, and worldwide by its originator, Novo Nordisk, under the brand names Ozempic and Rybelsus for diabetes, and under the brand name Wegovy for weight management, weight loss, and metabolic-associated steatohepatitis.",Pre-filled Pen,,,₹8999,https://drive.google.com/file/d/1tRaUBlv4S8nN9q0lA9x8-k14eoCORA_4/view?usp=drivesdk
Livarise Injection (3ml Cartridge +10 Needles) box of 1 cartridge,Semaglutide,Lupin,"Semaglutide is an anti-diabetic medication used for the treatment of type 2 diabetes, and an anti-obesity medication used for long-term weight management and to reduce the risk of major adverse cardiovascular events. It is a peptide similar to the hormone glucagon-like peptide-1 (GLP-1), modified with a side chain. It can be administered by subcutaneous injection or taken orally. It is sold as a generic drug by several drug companies in the Indian and Canadian markets, and worldwide by its originator, Novo Nordisk, under the brand names Ozempic and Rybelsus for diabetes, and under the brand name Wegovy for weight management, weight loss, and metabolic-associated steatohepatitis.",Cartridge,,,₹8740,https://drive.google.com/file/d/1mwQASqE3K4prSZqWSA6VZxQZpqaecJjR/view?usp=drivesdk
Mashema Injection (3ml Cartridge +10 Needles) box of 1 cartridge,Semaglutide,Zydus Lifesciences,"Semaglutide is an anti-diabetic medication used for the treatment of type 2 diabetes, and an anti-obesity medication used for long-term weight management and to reduce the risk of major adverse cardiovascular events. It is a peptide similar to the hormone glucagon-like peptide-1 (GLP-1), modified with a side chain. It can be administered by subcutaneous injection or taken orally. It is sold as a generic drug by several drug companies in the Indian and Canadian markets, and worldwide by its originator, Novo Nordisk, under the brand names Ozempic and Rybelsus for diabetes, and under the brand name Wegovy for weight management, weight loss, and metabolic-associated steatohepatitis.",Cartridge,,,₹8740,https://drive.google.com/file/d/1OP9n9MD7B-lZESTfrENBFK3_9asSGYar/view?usp=drivesdk
Usema 0.25mg/0.5mg Pre-filled Pen box of 1.5 ml pre-filled pen,Semaglutide,USV Private Limited,"Semaglutide is an anti-diabetic medication used for the treatment of type 2 diabetes, and an anti-obesity medication used for long-term weight management and to reduce the risk of major adverse cardiovascular events. It is a peptide similar to the hormone glucagon-like peptide-1 (GLP-1), modified with a side chain. It can be administered by subcutaneous injection or taken orally. It is sold as a generic drug by several drug companies in the Indian and Canadian markets, and worldwide by its originator, Novo Nordisk, under the brand names Ozempic and Rybelsus for diabetes, and under the brand name Wegovy for weight management, weight loss, and metabolic-associated steatohepatitis.",Pre-filled Pen,,,₹4300,https://drive.google.com/file/d/1d3BzqlIArNqKhYaxrQNXXsQvO9j6plgT/view?usp=drivesdk
Sembolic 7 Tablet strip of 10 tablets,Semaglutide,Torrent Pharmaceuticals Ltd,"Semaglutide is an anti-diabetic medication used for the treatment of type 2 diabetes, and an anti-obesity medication used for long-term weight management and to reduce the risk of major adverse cardiovascular events. It is a peptide similar to the hormone glucagon-like peptide-1 (GLP-1), modified with a side chain. It can be administered by subcutaneous injection or taken orally. It is sold as a generic drug by several drug companies in the Indian and Canadian markets, and worldwide by its originator, Novo Nordisk, under the brand names Ozempic and Rybelsus for diabetes, and under the brand name Wegovy for weight management, weight loss, and metabolic-associated steatohepatitis.",Tablet,,,₹1489,https://drive.google.com/file/d/11SJOIgKuSY4AN2RKjoCTLnb2okJdYEZs/view?usp=drivesdk
Sundae Vial 0.25mg/0.5mg Injection box of 1 injection,Semaglutide,Eris Lifesciences,"Semaglutide is an anti-diabetic medication used for the treatment of type 2 diabetes, and an anti-obesity medication used for long-term weight management and to reduce the risk of major adverse cardiovascular events. It is a peptide similar to the hormone glucagon-like peptide-1 (GLP-1), modified with a side chain. It can be administered by subcutaneous injection or taken orally. It is sold as a generic drug by several drug companies in the Indian and Canadian markets, and worldwide by its originator, Novo Nordisk, under the brand names Ozempic and Rybelsus for diabetes, and under the brand name Wegovy for weight management, weight loss, and metabolic-associated steatohepatitis.",Vial,,,₹1294,https://drive.google.com/file/d/1zhEaShKqrasuOLkEZuB1EiLGQbL80RUI/view?usp=drivesdk
Semalix 2mg Prefilled Pen (For 0.25mg/0.5mg Dose) box of 1 injection,Semaglutide,Torrent Pharmaceuticals Ltd,"Semaglutide is an anti-diabetic medication used for the treatment of type 2 diabetes, and an anti-obesity medication used for long-term weight management and to reduce the risk of major adverse cardiovascular events. It is a peptide similar to the hormone glucagon-like peptide-1 (GLP-1), modified with a side chain. It can be administered by subcutaneous injection or taken orally. It is sold as a generic drug by several drug companies in the Indian and Canadian markets, and worldwide by its originator, Novo Nordisk, under the brand names Ozempic and Rybelsus for diabetes, and under the brand name Wegovy for weight management, weight loss, and metabolic-associated steatohepatitis.",Pre-filled Pen,,,₹3999,https://drive.google.com/file/d/1pAxE2KXfn2ORgsObV4lEUzvIsivz6UUC/view?usp=drivesdk
Semalix 4mg Prefilled Pen (For 1 mg Dose) box of 1 injection,Semaglutide,Torrent Pharmaceuticals Ltd,"Semaglutide is an anti-diabetic medication used for the treatment of type 2 diabetes, and an anti-obesity medication used for long-term weight management and to reduce the risk of major adverse cardiovascular events. It is a peptide similar to the hormone glucagon-like peptide-1 (GLP-1), modified with a side chain. It can be administered by subcutaneous injection or taken orally. It is sold as a generic drug by several drug companies in the Indian and Canadian markets, and worldwide by its originator, Novo Nordisk, under the brand names Ozempic and Rybelsus for diabetes, and under the brand name Wegovy for weight management, weight loss, and metabolic-associated steatohepatitis.",Pre-filled Pen,,,₹4495,https://drive.google.com/file/d/1awB5WzPmxdQt2zPVlqEE7d5VrBF49KzK/view?usp=drivesdk
Noveltreat 0.5 mg Pre-filled Pen box of 2 pre-filled pens,Semaglutide,Sun Pharma,"Semaglutide is an anti-diabetic medication used for the treatment of type 2 diabetes, and an anti-obesity medication used for long-term weight management and to reduce the risk of major adverse cardiovascular events. It is a peptide similar to the hormone glucagon-like peptide-1 (GLP-1), modified with a side chain. It can be administered by subcutaneous injection or taken orally. It is sold as a generic drug by several drug companies in the Indian and Canadian markets, and worldwide by its originator, Novo Nordisk, under the brand names Ozempic and Rybelsus for diabetes, and under the brand name Wegovy for weight management, weight loss, and metabolic-associated steatohepatitis.",Pre-filled Pen,,,₹1945,https://drive.google.com/file/d/1wbaVyNKOhhqr-L5ZRtRMWPMwiQRYtB0W/view?usp=drivesdk
Extensior 1mg Injection Combipack (1 Prefilled Pen 3ml & 4 Needles) box of 1 injection,Semaglutide,Abbott India Limited,"Semaglutide is an anti-diabetic medication used for the treatment of type 2 diabetes, and an anti-obesity medication used for long-term weight management and to reduce the risk of major adverse cardiovascular events. It is a peptide similar to the hormone glucagon-like peptide-1 (GLP-1), modified with a side chain. It can be administered by subcutaneous injection or taken orally. It is sold as a generic drug by several drug companies in the Indian and Canadian markets, and worldwide by its originator, Novo Nordisk, under the brand names Ozempic and Rybelsus for diabetes, and under the brand name Wegovy for weight management, weight loss, and metabolic-associated steatohepatitis.",Pre-filled Pen,,,₹5999,https://drive.google.com/file/d/1PSHOpDU0kAvW8M7yhlMZGRjW1pj5hYhO/view?usp=drivesdk
Extensior 0.5mg Injection Combipack (1 Prefilled Pen 1.5 ml & 4 Needles) box of 1 injection,Semaglutide,Abbott India Limited,"Semaglutide is an anti-diabetic medication used for the treatment of type 2 diabetes, and an anti-obesity medication used for long-term weight management and to reduce the risk of major adverse cardiovascular events. It is a peptide similar to the hormone glucagon-like peptide-1 (GLP-1), modified with a side chain. It can be administered by subcutaneous injection or taken orally. It is sold as a generic drug by several drug companies in the Indian and Canadian markets, and worldwide by its originator, Novo Nordisk, under the brand names Ozempic and Rybelsus for diabetes, and under the brand name Wegovy for weight management, weight loss, and metabolic-associated steatohepatitis.",Pre-filled Pen,,,₹4999,https://drive.google.com/file/d/1_Ha1Qe4HM9hqPvsOpZE4y916-POCOB-U/view?usp=drivesdk
"Semasize Plus 2.4mg Injection (1 Multi-dose Disposable Pen, 4 Needle, 4 Alcohol Swab) box of 1 pre-filled pen",Semaglutide,Alkem Labs,"Semaglutide is an anti-diabetic medication used for the treatment of type 2 diabetes, and an anti-obesity medication used for long-term weight management and to reduce the risk of major adverse cardiovascular events. It is a peptide similar to the hormone glucagon-like peptide-1 (GLP-1), modified with a side chain. It can be administered by subcutaneous injection or taken orally. It is sold as a generic drug by several drug companies in the Indian and Canadian markets, and worldwide by its originator, Novo Nordisk, under the brand names Ozempic and Rybelsus for diabetes, and under the brand name Wegovy for weight management, weight loss, and metabolic-associated steatohepatitis.",Pre-filled Pen,,,₹3500,https://drive.google.com/file/d/1-V9jxK1fI1GIYy1j80UdwGage5m18b18/view?usp=drivesdk
"Semasize Plus 1.7mg Injection (1 Multi-dose Disposable Pen, 4 Needle, 4 Alcohol Swab) box of 1 pre-filled pen",Semaglutide,Alkem Labs,"Semaglutide is an anti-diabetic medication used for the treatment of type 2 diabetes, and an anti-obesity medication used for long-term weight management and to reduce the risk of major adverse cardiovascular events. It is a peptide similar to the hormone glucagon-like peptide-1 (GLP-1), modified with a side chain. It can be administered by subcutaneous injection or taken orally. It is sold as a generic drug by several drug companies in the Indian and Canadian markets, and worldwide by its originator, Novo Nordisk, under the brand names Ozempic and Rybelsus for diabetes, and under the brand name Wegovy for weight management, weight loss, and metabolic-associated steatohepatitis.",Pre-filled Pen,,,₹2500,https://drive.google.com/file/d/1Et-Hw7SuRfm3SYWl0bush3YaBcoX68ew/view?usp=drivesdk
Semanext Injection (3ml Cartridge + 10 Needles) box of 1 injection,Semaglutide,Lupin,"Semaglutide is an anti-diabetic medication used for the treatment of type 2 diabetes, and an anti-obesity medication used for long-term weight management and to reduce the risk of major adverse cardiovascular events. It is a peptide similar to the hormone glucagon-like peptide-1 (GLP-1), modified with a side chain. It can be administered by subcutaneous injection or taken orally. It is sold as a generic drug by several drug companies in the Indian and Canadian markets, and worldwide by its originator, Novo Nordisk, under the brand names Ozempic and Rybelsus for diabetes, and under the brand name Wegovy for weight management, weight loss, and metabolic-associated steatohepatitis.",Cartridge,,,₹8749,https://drive.google.com/file/d/1WMJpXf7xqRJF9r8E3Wx19Y4zer5mHuDu/view?usp=drivesdk
Sematrinity 2mg Pre-filled Pen pre-filled pen of 1.5 ml solution for injection,Semaglutide,Sun Pharmaceutical Industries Ltd,"Semaglutide is an anti-diabetic medication used for the treatment of type 2 diabetes, and an anti-obesity medication used for long-term weight management and to reduce the risk of major adverse cardiovascular events. It is a peptide similar to the hormone glucagon-like peptide-1 (GLP-1), modified with a side chain. It can be administered by subcutaneous injection or taken orally. It is sold as a generic drug by several drug companies in the Indian and Canadian markets, and worldwide by its originator, Novo Nordisk, under the brand names Ozempic and Rybelsus for diabetes, and under the brand name Wegovy for weight management, weight loss, and metabolic-associated steatohepatitis.",Pre-filled Pen,,,₹2960,https://drive.google.com/file/d/1420V4YMoMIFvMEND_QAs1pCpRcRPA3CT/view?usp=drivesdk
Sembolic 14 Tablet strip of 10 tablets,Semaglutide,Torrent Pharmaceuticals Ltd,"Semaglutide is an anti-diabetic medication used for the treatment of type 2 diabetes, and an anti-obesity medication used for long-term weight management and to reduce the risk of major adverse cardiovascular events. It is a peptide similar to the hormone glucagon-like peptide-1 (GLP-1), modified with a side chain. It can be administered by subcutaneous injection or taken orally. It is sold as a generic drug by several drug companies in the Indian and Canadian markets, and worldwide by its originator, Novo Nordisk, under the brand names Ozempic and Rybelsus for diabetes, and under the brand name Wegovy for weight management, weight loss, and metabolic-associated steatohepatitis.",Tablet,,,₹2537,https://drive.google.com/file/d/1dHDua74OWbdrWOU0vQrvRfhcEAOufKrd/view?usp=drivesdk
Sembolic 3 Tablet strip of 10 tablets,Semaglutide,Torrent Pharmaceuticals Ltd,"Semaglutide is an anti-diabetic medication used for the treatment of type 2 diabetes, and an anti-obesity medication used for long-term weight management and to reduce the risk of major adverse cardiovascular events. It is a peptide similar to the hormone glucagon-like peptide-1 (GLP-1), modified with a side chain. It can be administered by subcutaneous injection or taken orally. It is sold as a generic drug by several drug companies in the Indian and Canadian markets, and worldwide by its originator, Novo Nordisk, under the brand names Ozempic and Rybelsus for diabetes, and under the brand name Wegovy for weight management, weight loss, and metabolic-associated steatohepatitis.",Tablet,,,₹1089,https://drive.google.com/file/d/11nEXksxEZnk0ptrymMpScJCO5azC_VOT/view?usp=drivesdk
Mashlo 2mg Pre-filled Pen box of 1 pre-filled pen,Semaglutide,Dr. Reddy's,"Semaglutide is an anti-diabetic medication used for the treatment of type 2 diabetes, and an anti-obesity medication used for long-term weight management and to reduce the risk of major adverse cardiovascular events. It is a peptide similar to the hormone glucagon-like peptide-1 (GLP-1), modified with a side chain. It can be administered by subcutaneous injection or taken orally. It is sold as a generic drug by several drug companies in the Indian and Canadian markets, and worldwide by its originator, Novo Nordisk, under the brand names Ozempic and Rybelsus for diabetes, and under the brand name Wegovy for weight management, weight loss, and metabolic-associated steatohepatitis.",Pre-filled Pen,,,₹4196,https://drive.google.com/file/d/1eBJ8tlMsIYHoa3EKdUAdeOXFtYZye_GP/view?usp=drivesdk
Noveltreat 2.4 mg Pre-filled Pen box of 2 pre-filled pens,Semaglutide,Sun Pharma,"Semaglutide is an anti-diabetic medication used for the treatment of type 2 diabetes, and an anti-obesity medication used for long-term weight management and to reduce the risk of major adverse cardiovascular events. It is a peptide similar to the hormone glucagon-like peptide-1 (GLP-1), modified with a side chain. It can be administered by subcutaneous injection or taken orally. It is sold as a generic drug by several drug companies in the Indian and Canadian markets, and worldwide by its originator, Novo Nordisk, under the brand names Ozempic and Rybelsus for diabetes, and under the brand name Wegovy for weight management, weight loss, and metabolic-associated steatohepatitis.",Pre-filled Pen,,,₹3700,https://drive.google.com/file/d/1gcElwAjnYldi7of49XylAsNOiuu-ZtXF/view?usp=drivesdk
Noveltreat 1 mg Pre-filled Pen box of 2 pre-filled pens,Semaglutide,Sun Pharma,"Semaglutide is an anti-diabetic medication used for the treatment of type 2 diabetes, and an anti-obesity medication used for long-term weight management and to reduce the risk of major adverse cardiovascular events. It is a peptide similar to the hormone glucagon-like peptide-1 (GLP-1), modified with a side chain. It can be administered by subcutaneous injection or taken orally. It is sold as a generic drug by several drug companies in the Indian and Canadian markets, and worldwide by its originator, Novo Nordisk, under the brand names Ozempic and Rybelsus for diabetes, and under the brand name Wegovy for weight management, weight loss, and metabolic-associated steatohepatitis.",Pre-filled Pen,,,₹2495,https://drive.google.com/file/d/1mqfa7Upr1gqknlGJOaCdK0GNiX8Kw3CH/view?usp=drivesdk
Extensior 0.25mg Injection Combipack (1 Prefilled Pen 1.5 ml & 4 Needles) box of 1 injection,Semaglutide,Abbott India Limited,"Semaglutide is an anti-diabetic medication used for the treatment of type 2 diabetes, and an anti-obesity medication used for long-term weight management and to reduce the risk of major adverse cardiovascular events. It is a peptide similar to the hormone glucagon-like peptide-1 (GLP-1), modified with a side chain. It can be administered by subcutaneous injection or taken orally. It is sold as a generic drug by several drug companies in the Indian and Canadian markets, and worldwide by its originator, Novo Nordisk, under the brand names Ozempic and Rybelsus for diabetes, and under the brand name Wegovy for weight management, weight loss, and metabolic-associated steatohepatitis.",Pre-filled Pen,,,₹3999,https://drive.google.com/file/d/1NHS3ONaEYR-roLOsF0yDL6PnjB7Q_FjZ/view?usp=drivesdk
"Obesema 0.5mg Injection (1 Multi-dose Disposable Pen, 4 Needles, 4 Alcohol Swabs) box of 1 pre-filled pen",Semaglutide,Alkem Labs,"Semaglutide is an anti-diabetic medication used for the treatment of type 2 diabetes, and an anti-obesity medication used for long-term weight management and to reduce the risk of major adverse cardiovascular events. It is a peptide similar to the hormone glucagon-like peptide-1 (GLP-1), modified with a side chain. It can be administered by subcutaneous injection or taken orally. It is sold as a generic drug by several drug companies in the Indian and Canadian markets, and worldwide by its originator, Novo Nordisk, under the brand names Ozempic and Rybelsus for diabetes, and under the brand name Wegovy for weight management, weight loss, and metabolic-associated steatohepatitis.",Pre-filled Pen,,,₹1898,https://drive.google.com/file/d/1drVQsMZJXa_WdNyoR3zDlU3mKGDboaLp/view?usp=drivesdk
"Hepaglide 0.5mg Injection (1 Multi-dose Disposable Pen, 4 Needle, 4 Alcohol Swab) box of 1 pre-filled pen",Semaglutide,Alkem Labs,"Semaglutide is an anti-diabetic medication used for the treatment of type 2 diabetes, and an anti-obesity medication used for long-term weight management and to reduce the risk of major adverse cardiovascular events. It is a peptide similar to the hormone glucagon-like peptide-1 (GLP-1), modified with a side chain. It can be administered by subcutaneous injection or taken orally. It is sold as a generic drug by several drug companies in the Indian and Canadian markets, and worldwide by its originator, Novo Nordisk, under the brand names Ozempic and Rybelsus for diabetes, and under the brand name Wegovy for weight management, weight loss, and metabolic-associated steatohepatitis.",Pre-filled Pen,,,₹1898,https://drive.google.com/file/d/1bs1lnI54Bj6dPIjGaX5Y-5nXb5VNBZZn/view?usp=drivesdk
Poviztra 1mg Injection pre-filled pen of 3 ml injection,Semaglutide,Emcure Pharmaceuticals Ltd,"Semaglutide is an anti-diabetic medication used for the treatment of type 2 diabetes, and an anti-obesity medication used for long-term weight management and to reduce the risk of major adverse cardiovascular events. It is a peptide similar to the hormone glucagon-like peptide-1 (GLP-1), modified with a side chain. It can be administered by subcutaneous injection or taken orally. It is sold as a generic drug by several drug companies in the Indian and Canadian markets, and worldwide by its originator, Novo Nordisk, under the brand names Ozempic and Rybelsus for diabetes, and under the brand name Wegovy for weight management, weight loss, and metabolic-associated steatohepatitis.",Pre-filled Pen,,,₹5999,https://drive.google.com/file/d/12UbHgsL-kK18nizCiUU7ustDk-esoASg/view?usp=drivesdk
Poviztra 0.5mg Injection pre-filled pen of 1.5 ml injection,Semaglutide,Emcure Pharmaceuticals Ltd,"Semaglutide is an anti-diabetic medication used for the treatment of type 2 diabetes, and an anti-obesity medication used for long-term weight management and to reduce the risk of major adverse cardiovascular events. It is a peptide similar to the hormone glucagon-like peptide-1 (GLP-1), modified with a side chain. It can be administered by subcutaneous injection or taken orally. It is sold as a generic drug by several drug companies in the Indian and Canadian markets, and worldwide by its originator, Novo Nordisk, under the brand names Ozempic and Rybelsus for diabetes, and under the brand name Wegovy for weight management, weight loss, and metabolic-associated steatohepatitis.",Pre-filled Pen,,,₹4999,https://drive.google.com/file/d/1jq_43wvuFFOazIdN5e0MtHFTvH4tYDvm/view?usp=drivesdk
Usema 1mg Pre-filled Pen box of 3 ml pre-filled pen,Semaglutide,USV Private Limited,"Semaglutide is an anti-diabetic medication used for the treatment of type 2 diabetes, and an anti-obesity medication used for long-term weight management and to reduce the risk of major adverse cardiovascular events. It is a peptide similar to the hormone glucagon-like peptide-1 (GLP-1), modified with a side chain. It can be administered by subcutaneous injection or taken orally. It is sold as a generic drug by several drug companies in the Indian and Canadian markets, and worldwide by its originator, Novo Nordisk, under the brand names Ozempic and Rybelsus for diabetes, and under the brand name Wegovy for weight management, weight loss, and metabolic-associated steatohepatitis.",Pre-filled Pen,,,₹5280,https://drive.google.com/file/d/1y6cUYCtlw3NsKMQNy6HrsD3LG3RKvJbU/view?usp=drivesdk
Alterme Injection (3ml Cartridge + 10 Needles) box of 1 injection,Semaglutide,Zydus Lifesciences,"Semaglutide is an anti-diabetic medication used for the treatment of type 2 diabetes, and an anti-obesity medication used for long-term weight management and to reduce the risk of major adverse cardiovascular events. It is a peptide similar to the hormone glucagon-like peptide-1 (GLP-1), modified with a side chain. It can be administered by subcutaneous injection or taken orally. It is sold as a generic drug by several drug companies in the Indian and Canadian markets, and worldwide by its originator, Novo Nordisk, under the brand names Ozempic and Rybelsus for diabetes, and under the brand name Wegovy for weight management, weight loss, and metabolic-associated steatohepatitis.",Cartridge,,,₹8749,https://drive.google.com/file/d/10bajtyeuUEF-Ni0K3eYFB38_awzx6cEJ/view?usp=drivesdk
Semaglu 0.25/0.5 Pre-filled Pen box of 1 injection,Semaglutide,Mankind Pharma Ltd,"Semaglutide is an anti-diabetic medication used for the treatment of type 2 diabetes, and an anti-obesity medication used for long-term weight management and to reduce the risk of major adverse cardiovascular events. It is a peptide similar to the hormone glucagon-like peptide-1 (GLP-1), modified with a side chain. It can be administered by subcutaneous injection or taken orally. It is sold as a generic drug by several drug companies in the Indian and Canadian markets, and worldwide by its originator, Novo Nordisk, under the brand names Ozempic and Rybelsus for diabetes, and under the brand name Wegovy for weight management, weight loss, and metabolic-associated steatohepatitis.",Pre-filled Pen,,,₹4999,https://drive.google.com/file/d/1TuDpDi2Y3OqBmHtwmJKoMgMH74yGqR_1/view?usp=drivesdk
Sembolic Injection (3ml Cartridge + 10 Needles) box of 1 injection,Semaglutide,Torrent Pharmaceuticals Ltd,"Semaglutide is an anti-diabetic medication used for the treatment of type 2 diabetes, and an anti-obesity medication used for long-term weight management and to reduce the risk of major adverse cardiovascular events. It is a peptide similar to the hormone glucagon-like peptide-1 (GLP-1), modified with a side chain. It can be administered by subcutaneous injection or taken orally. It is sold as a generic drug by several drug companies in the Indian and Canadian markets, and worldwide by its originator, Novo Nordisk, under the brand names Ozempic and Rybelsus for diabetes, and under the brand name Wegovy for weight management, weight loss, and metabolic-associated steatohepatitis.",Cartridge,,,₹8749,https://drive.google.com/file/d/1xnVp6qW0JlS-7CkTlJ8NdRzuig7Iom3I/view?usp=drivesdk
Semaglyn Injection (3ml Cartridge with 10 Needle) box of 1 injection,Semaglutide,Zydus Lifesciences,"Semaglutide is an anti-diabetic medication used for the treatment of type 2 diabetes, and an anti-obesity medication used for long-term weight management and to reduce the risk of major adverse cardiovascular events. It is a peptide similar to the hormone glucagon-like peptide-1 (GLP-1), modified with a side chain. It can be administered by subcutaneous injection or taken orally. It is sold as a generic drug by several drug companies in the Indian and Canadian markets, and worldwide by its originator, Novo Nordisk, under the brand names Ozempic and Rybelsus for diabetes, and under the brand name Wegovy for weight management, weight loss, and metabolic-associated steatohepatitis.",Cartridge,,,₹8749,https://drive.google.com/file/d/1tRV5I2OlFJLPeuYBP94hGGujYUp7yS3b/view?usp=drivesdk
Noveltreat 1.7 mg Pre-filled Pen box of 2 pre-filled pens,Semaglutide,Sun Pharma,"Semaglutide is an anti-diabetic medication used for the treatment of type 2 diabetes, and an anti-obesity medication used for long-term weight management and to reduce the risk of major adverse cardiovascular events. It is a peptide similar to the hormone glucagon-like peptide-1 (GLP-1), modified with a side chain. It can be administered by subcutaneous injection or taken orally. It is sold as a generic drug by several drug companies in the Indian and Canadian markets, and worldwide by its originator, Novo Nordisk, under the brand names Ozempic and Rybelsus for diabetes, and under the brand name Wegovy for weight management, weight loss, and metabolic-associated steatohepatitis.",Pre-filled Pen,,,₹3245,https://drive.google.com/file/d/1WlpNbFiBT_zggUCbKcEZ4gt-fvA7BO-O/view?usp=drivesdk
Noveltreat 0.25 mg Pre-filled Pen box of 2 pre-filled pens,Semaglutide,Sun Pharma,"Semaglutide is an anti-diabetic medication used for the treatment of type 2 diabetes, and an anti-obesity medication used for long-term weight management and to reduce the risk of major adverse cardiovascular events. It is a peptide similar to the hormone glucagon-like peptide-1 (GLP-1), modified with a side chain. It can be administered by subcutaneous injection or taken orally. It is sold as a generic drug by several drug companies in the Indian and Canadian markets, and worldwide by its originator, Novo Nordisk, under the brand names Ozempic and Rybelsus for diabetes, and under the brand name Wegovy for weight management, weight loss, and metabolic-associated steatohepatitis.",Pre-filled Pen,,,₹1745,https://drive.google.com/file/d/1SVIB6elNkOkOl7KDgigZs8LO7fw4DF7T/view?usp=drivesdk
Obeda 2mg Pre-filled Pen (with BD-Ultra Fine 32G - 6 Needle) box of 1 pre-filled pen,Semaglutide,Dr. Reddy's,"Semaglutide is an anti-diabetic medication used for the treatment of type 2 diabetes, and an anti-obesity medication used for long-term weight management and to reduce the risk of major adverse cardiovascular events. It is a peptide similar to the hormone glucagon-like peptide-1 (GLP-1), modified with a side chain. It can be administered by subcutaneous injection or taken orally. It is sold as a generic drug by several drug companies in the Indian and Canadian markets, and worldwide by its originator, Novo Nordisk, under the brand names Ozempic and Rybelsus for diabetes, and under the brand name Wegovy for weight management, weight loss, and metabolic-associated steatohepatitis.",Pre-filled Pen,,,₹4200,https://drive.google.com/file/d/1w8aIDcBJMWcD03PG-UbLHBI7jgC4ZgZY/view?usp=drivesdk
"Semasize Plus 1.7mg Solution for Injection (1 Cartridge, 4 Needle, 4 Alcohol Swab) box of 1 injection",Semaglutide,Alkem Labs,"Semaglutide is an anti-diabetic medication used for the treatment of type 2 diabetes, and an anti-obesity medication used for long-term weight management and to reduce the risk of major adverse cardiovascular events. It is a peptide similar to the hormone glucagon-like peptide-1 (GLP-1), modified with a side chain. It can be administered by subcutaneous injection or taken orally. It is sold as a generic drug by several drug companies in the Indian and Canadian markets, and worldwide by its originator, Novo Nordisk, under the brand names Ozempic and Rybelsus for diabetes, and under the brand name Wegovy for weight management, weight loss, and metabolic-associated steatohepatitis.",Cartridge,,,₹2000,https://drive.google.com/file/d/1_nZmEdVkeMmG5eahmIbtE2bgSV3cL--9/view?usp=drivesdk
"Hepaglide 1mg Injection (1 Multi-dose Disposable Pen, 4 Needle, 4 Alcohol Swab) box of 1 pre-filled pen",Semaglutide,Alkem Labs,"Semaglutide is an anti-diabetic medication used for the treatment of type 2 diabetes, and an anti-obesity medication used for long-term weight management and to reduce the risk of major adverse cardiovascular events. It is a peptide similar to the hormone glucagon-like peptide-1 (GLP-1), modified with a side chain. It can be administered by subcutaneous injection or taken orally. It is sold as a generic drug by several drug companies in the Indian and Canadian markets, and worldwide by its originator, Novo Nordisk, under the brand names Ozempic and Rybelsus for diabetes, and under the brand name Wegovy for weight management, weight loss, and metabolic-associated steatohepatitis.",Pre-filled Pen,,,₹1998,https://drive.google.com/file/d/19wPtDTkirkd6BFliS3p3uMcv6hTJc62J/view?usp=drivesdk
"Hepaglide 1.7mg Injection (1 Multi-dose Disposable Pen, 4 Needle, 4 Alcohol Swab) box of 1 pre-filled pen",Semaglutide,Alkem Labs,"Semaglutide is an anti-diabetic medication used for the treatment of type 2 diabetes, and an anti-obesity medication used for long-term weight management and to reduce the risk of major adverse cardiovascular events. It is a peptide similar to the hormone glucagon-like peptide-1 (GLP-1), modified with a side chain. It can be administered by subcutaneous injection or taken orally. It is sold as a generic drug by several drug companies in the Indian and Canadian markets, and worldwide by its originator, Novo Nordisk, under the brand names Ozempic and Rybelsus for diabetes, and under the brand name Wegovy for weight management, weight loss, and metabolic-associated steatohepatitis.",Pre-filled Pen,,,₹2498,https://drive.google.com/file/d/1B5Rl5I01WOo3iUnCVaj2khL_XuVXUIcF/view?usp=drivesdk
"Semasize 1mg Injection (1 Multi-dose Disposable Pen, 4 Needle, 4 Alcohol Swab) box of 1 pre-filled pen",Semaglutide,Alkem Labs,"Semaglutide is an anti-diabetic medication used for the treatment of type 2 diabetes, and an anti-obesity medication used for long-term weight management and to reduce the risk of major adverse cardiovascular events. It is a peptide similar to the hormone glucagon-like peptide-1 (GLP-1), modified with a side chain. It can be administered by subcutaneous injection or taken orally. It is sold as a generic drug by several drug companies in the Indian and Canadian markets, and worldwide by its originator, Novo Nordisk, under the brand names Ozempic and Rybelsus for diabetes, and under the brand name Wegovy for weight management, weight loss, and metabolic-associated steatohepatitis.",Pre-filled Pen,,,₹2000,https://drive.google.com/file/d/1uAbbHqI_vNE7BVweLB7Wab2IkeYyqJGt/view?usp=drivesdk
"Semasize 2mg Injection (1 Multi-dose Disposable Pen, 4 Needle, 4 Alcohol Swab) box of 1 pre-filled pen",Semaglutide,Alkem Labs,"Semaglutide is an anti-diabetic medication used for the treatment of type 2 diabetes, and an anti-obesity medication used for long-term weight management and to reduce the risk of major adverse cardiovascular events. It is a peptide similar to the hormone glucagon-like peptide-1 (GLP-1), modified with a side chain. It can be administered by subcutaneous injection or taken orally. It is sold as a generic drug by several drug companies in the Indian and Canadian markets, and worldwide by its originator, Novo Nordisk, under the brand names Ozempic and Rybelsus for diabetes, and under the brand name Wegovy for weight management, weight loss, and metabolic-associated steatohepatitis.",Pre-filled Pen,,,₹3000,https://drive.google.com/file/d/1akliJXCgULs-BOLs6Xcu9XmjFcuYobPK/view?usp=drivesdk
"Hepaglide 0.25mg Injection (1 Multi-dose Disposable Pen, 4 Needle, 4 Alcohol Swab) box of 1 pre-filled pen",Semaglutide,Alkem Labs,"Semaglutide is an anti-diabetic medication used for the treatment of type 2 diabetes, and an anti-obesity medication used for long-term weight management and to reduce the risk of major adverse cardiovascular events. It is a peptide similar to the hormone glucagon-like peptide-1 (GLP-1), modified with a side chain. It can be administered by subcutaneous injection or taken orally. It is sold as a generic drug by several drug companies in the Indian and Canadian markets, and worldwide by its originator, Novo Nordisk, under the brand names Ozempic and Rybelsus for diabetes, and under the brand name Wegovy for weight management, weight loss, and metabolic-associated steatohepatitis.",Pre-filled Pen,,,₹1798,https://drive.google.com/file/d/1Ubd1fmkZf8TUZe5kVqxRSMCoWuhyH7ZS/view?usp=drivesdk
Obeda 4mg Pre-filled Pen (with BD Ultra-Fine 32G - 4 Needle) box of 1 pre-filled pen,Semaglutide,Dr. Reddy's,"Semaglutide is an anti-diabetic medication used for the treatment of type 2 diabetes, and an anti-obesity medication used for long-term weight management and to reduce the risk of major adverse cardiovascular events. It is a peptide similar to the hormone glucagon-like peptide-1 (GLP-1), modified with a side chain. It can be administered by subcutaneous injection or taken orally. It is sold as a generic drug by several drug companies in the Indian and Canadian markets, and worldwide by its originator, Novo Nordisk, under the brand names Ozempic and Rybelsus for diabetes, and under the brand name Wegovy for weight management, weight loss, and metabolic-associated steatohepatitis.",Pre-filled Pen,,,₹4200,https://drive.google.com/file/d/1WVsM976z_9iL4SoeT7nx9pgs6Rpxfedl/view?usp=drivesdk
Poviztra 1.7mg Injection pre-filled pen of 3 ml injection,Semaglutide,Emcure Pharmaceuticals Ltd,"Semaglutide is an anti-diabetic medication used for the treatment of type 2 diabetes, and an anti-obesity medication used for long-term weight management and to reduce the risk of major adverse cardiovascular events. It is a peptide similar to the hormone glucagon-like peptide-1 (GLP-1), modified with a side chain. It can be administered by subcutaneous injection or taken orally. It is sold as a generic drug by several drug companies in the Indian and Canadian markets, and worldwide by its originator, Novo Nordisk, under the brand names Ozempic and Rybelsus for diabetes, and under the brand name Wegovy for weight management, weight loss, and metabolic-associated steatohepatitis.",Pre-filled Pen,,,₹7999,https://drive.google.com/file/d/1B2iNe4RrJ5970Te1XdHhxo_L3CzDrr23/view?usp=drivesdk
Poviztra 0.25mg Injection pre-filled pen of 1.5 ml injection,Semaglutide,Emcure Pharmaceuticals Ltd,"Semaglutide is an anti-diabetic medication used for the treatment of type 2 diabetes, and an anti-obesity medication used for long-term weight management and to reduce the risk of major adverse cardiovascular events. It is a peptide similar to the hormone glucagon-like peptide-1 (GLP-1), modified with a side chain. It can be administered by subcutaneous injection or taken orally. It is sold as a generic drug by several drug companies in the Indian and Canadian markets, and worldwide by its originator, Novo Nordisk, under the brand names Ozempic and Rybelsus for diabetes, and under the brand name Wegovy for weight management, weight loss, and metabolic-associated steatohepatitis.",Pre-filled Pen,,,₹3999,https://drive.google.com/file/d/1QfCz5NMCh7iAVGVmFbAQN4bcWAeKXyrB/view?usp=drivesdk
Sematrinity 4mg Pre-filled Pen pre-filled pen of 3 ml solution for injection,Semaglutide,Sun Pharma,"Semaglutide is an anti-diabetic medication used for the treatment of type 2 diabetes, and an anti-obesity medication used for long-term weight management and to reduce the risk of major adverse cardiovascular events. It is a peptide similar to the hormone glucagon-like peptide-1 (GLP-1), modified with a side chain. It can be administered by subcutaneous injection or taken orally. It is sold as a generic drug by several drug companies in the Indian and Canadian markets, and worldwide by its originator, Novo Nordisk, under the brand names Ozempic and Rybelsus for diabetes, and under the brand name Wegovy for weight management, weight loss, and metabolic-associated steatohepatitis.",Pre-filled Pen,,,₹4790,https://drive.google.com/file/d/1oQt75BRgzgaYnBI4y2sdZ6MmkTdutgi7/view?usp=drivesdk
Semalix 3 Tablet strip of 10 tablets,Semaglutide,Torrent Pharmaceuticals Ltd,"Semaglutide is an anti-diabetic medication used for the treatment of type 2 diabetes, and an anti-obesity medication used for long-term weight management and to reduce the risk of major adverse cardiovascular events. It is a peptide similar to the hormone glucagon-like peptide-1 (GLP-1), modified with a side chain. It can be administered by subcutaneous injection or taken orally. It is sold as a generic drug by several drug companies in the Indian and Canadian markets, and worldwide by its originator, Novo Nordisk, under the brand names Ozempic and Rybelsus for diabetes, and under the brand name Wegovy for weight management, weight loss, and metabolic-associated steatohepatitis.",Tablet,,,₹1089,https://drive.google.com/file/d/1qbl4a6zY0iBol_UC3KX_W4TpRSFzd7Df/view?usp=drivesdk
BluVial 1mg Injection box of 1 injection,Semaglutide,Eris Lifesciences,"Semaglutide is an anti-diabetic medication used for the treatment of type 2 diabetes, and an anti-obesity medication used for long-term weight management and to reduce the risk of major adverse cardiovascular events. It is a peptide similar to the hormone glucagon-like peptide-1 (GLP-1), modified with a side chain. It can be administered by subcutaneous injection or taken orally. It is sold as a generic drug by several drug companies in the Indian and Canadian markets, and worldwide by its originator, Novo Nordisk, under the brand names Ozempic and Rybelsus for diabetes, and under the brand name Wegovy for weight management, weight loss, and metabolic-associated steatohepatitis.",Vial,,,₹1294,https://drive.google.com/file/d/1jarTae6E0WtuZZL0kTvoM-n1x_0-XE9A/view?usp=drivesdk
Glipiq 2mg Injection box of 1 injection,Semaglutide,Glenmark,"Semaglutide is an anti-diabetic medication used for the treatment of type 2 diabetes, and an anti-obesity medication used for long-term weight management and to reduce the risk of major adverse cardiovascular events. It is a peptide similar to the hormone glucagon-like peptide-1 (GLP-1), modified with a side chain. It can be administered by subcutaneous injection or taken orally. It is sold as a generic drug by several drug companies in the Indian and Canadian markets, and worldwide by its originator, Novo Nordisk, under the brand names Ozempic and Rybelsus for diabetes, and under the brand name Wegovy for weight management, weight loss, and metabolic-associated steatohepatitis.",Injection,,,₹1758,https://drive.google.com/file/d/1ooJxiCh5M8EjBXD8STldioYnzdMyU4L0/view?usp=drivesdk
BluVial 0.25mg/0.5mg Injection box of 1 vial,Semaglutide,Eris Lifesciences,"Semaglutide is an anti-diabetic medication used for the treatment of type 2 diabetes, and an anti-obesity medication used for long-term weight management and to reduce the risk of major adverse cardiovascular events. It is a peptide similar to the hormone glucagon-like peptide-1 (GLP-1), modified with a side chain. It can be administered by subcutaneous injection or taken orally. It is sold as a generic drug by several drug companies in the Indian and Canadian markets, and worldwide by its originator, Novo Nordisk, under the brand names Ozempic and Rybelsus for diabetes, and under the brand name Wegovy for weight management, weight loss, and metabolic-associated steatohepatitis.",Vial,,,₹1294,https://drive.google.com/file/d/1qxhMRdsq_mYEBrZ9qpB8VKVELzOWDNUi/view?usp=drivesdk
Sundae 2mg Pre-filled Pen box of 1 pre-filled pen,Semaglutide,Eris Lifesciences,"Semaglutide is an anti-diabetic medication used for the treatment of type 2 diabetes, and an anti-obesity medication used for long-term weight management and to reduce the risk of major adverse cardiovascular events. It is a peptide similar to the hormone glucagon-like peptide-1 (GLP-1), modified with a side chain. It can be administered by subcutaneous injection or taken orally. It is sold as a generic drug by several drug companies in the Indian and Canadian markets, and worldwide by its originator, Novo Nordisk, under the brand names Ozempic and Rybelsus for diabetes, and under the brand name Wegovy for weight management, weight loss, and metabolic-associated steatohepatitis.",Pre-filled Pen,,,₹3197,https://drive.google.com/file/d/1ffoMeSBFh4uqA9dzFd7R-1DrtuoPUiAH/view?usp=drivesdk
Glipiq 2mg Pre-filled Pen box of 1 pre-filled pen,Semaglutide,Glenmark,"Semaglutide is an anti-diabetic medication used for the treatment of type 2 diabetes, and an anti-obesity medication used for long-term weight management and to reduce the risk of major adverse cardiovascular events. It is a peptide similar to the hormone glucagon-like peptide-1 (GLP-1), modified with a side chain. It can be administered by subcutaneous injection or taken orally. It is sold as a generic drug by several drug companies in the Indian and Canadian markets, and worldwide by its originator, Novo Nordisk, under the brand names Ozempic and Rybelsus for diabetes, and under the brand name Wegovy for weight management, weight loss, and metabolic-associated steatohepatitis.",Pre-filled Pen,,,₹2996,https://drive.google.com/file/d/17daP-1QCbkmKdQdF-VNg1at0amPSkMAB/view?usp=drivesdk
Semalix 7 Tablet strip of 10 tablets,Semaglutide,Torrent Pharmaceuticals Ltd,"Semaglutide is an anti-diabetic medication used for the treatment of type 2 diabetes, and an anti-obesity medication used for long-term weight management and to reduce the risk of major adverse cardiovascular events. It is a peptide similar to the hormone glucagon-like peptide-1 (GLP-1), modified with a side chain. It can be administered by subcutaneous injection or taken orally. It is sold as a generic drug by several drug companies in the Indian and Canadian markets, and worldwide by its originator, Novo Nordisk, under the brand names Ozempic and Rybelsus for diabetes, and under the brand name Wegovy for weight management, weight loss, and metabolic-associated steatohepatitis.",Tablet,,,₹1489,https://drive.google.com/file/d/12gn-xnUQx2pB15HkTCCibdUug-aGaG7h/view?usp=drivesdk
Semanat Injection vial of 1 injection,Semaglutide,Natco Pharma,"Semaglutide is an anti-diabetic medication used for the treatment of type 2 diabetes, and an anti-obesity medication used for long-term weight management and to reduce the risk of major adverse cardiovascular events. It is a peptide similar to the hormone glucagon-like peptide-1 (GLP-1), modified with a side chain. It can be administered by subcutaneous injection or taken orally. It is sold as a generic drug by several drug companies in the Indian and Canadian markets, and worldwide by its originator, Novo Nordisk, under the brand names Ozempic and Rybelsus for diabetes, and under the brand name Wegovy for weight management, weight loss, and metabolic-associated steatohepatitis.",Vial,,,₹1289,https://drive.google.com/file/d/1II5yQhADOcdnC5bIzMWo9dditaVewPNG/view?usp=drivesdk
Glipiq 1mg Injection box of 1 injection,Semaglutide,Glenmark,"Semaglutide is an anti-diabetic medication used for the treatment of type 2 diabetes, and an anti-obesity medication used for long-term weight management and to reduce the risk of major adverse cardiovascular events. It is a peptide similar to the hormone glucagon-like peptide-1 (GLP-1), modified with a side chain. It can be administered by subcutaneous injection or taken orally. It is sold as a generic drug by several drug companies in the Indian and Canadian markets, and worldwide by its originator, Novo Nordisk, under the brand names Ozempic and Rybelsus for diabetes, and under the brand name Wegovy for weight management, weight loss, and metabolic-associated steatohepatitis.",Injection,,,₹1298,https://drive.google.com/file/d/1s0L4NIzSOX9np-fEzT-axcu7GIuiFTQV/view?usp=drivesdk
Semaglu 2 Pre-filled Pen box of 1 injection,Semaglutide,Mankind Pharma Ltd,"Semaglutide is an anti-diabetic medication used for the treatment of type 2 diabetes, and an anti-obesity medication used for long-term weight management and to reduce the risk of major adverse cardiovascular events. It is a peptide similar to the hormone glucagon-like peptide-1 (GLP-1), modified with a side chain. It can be administered by subcutaneous injection or taken orally. It is sold as a generic drug by several drug companies in the Indian and Canadian markets, and worldwide by its originator, Novo Nordisk, under the brand names Ozempic and Rybelsus for diabetes, and under the brand name Wegovy for weight management, weight loss, and metabolic-associated steatohepatitis.",Pre-filled Pen,,,₹6992,https://drive.google.com/file/d/1eSyqxn9yOw_Eaab_Sszzxa4syWmW2xjP/view?usp=drivesdk
Semabest 2mg Injection box of 1 pre-filled pen,Semaglutide,MSN Laboratories,"Semaglutide is an anti-diabetic medication used for the treatment of type 2 diabetes, and an anti-obesity medication used for long-term weight management and to reduce the risk of major adverse cardiovascular events. It is a peptide similar to the hormone glucagon-like peptide-1 (GLP-1), modified with a side chain. It can be administered by subcutaneous injection or taken orally. It is sold as a generic drug by several drug companies in the Indian and Canadian markets, and worldwide by its originator, Novo Nordisk, under the brand names Ozempic and Rybelsus for diabetes, and under the brand name Wegovy for weight management, weight loss, and metabolic-associated steatohepatitis.",Pre-filled Pen,,,₹3990,https://drive.google.com/file/d/1a8csS58ft3ID-olvwlMRBfr_9vPRky9a/view?usp=drivesdk
"Hepaglide 2.4mg Injection (1 Multi-dose Disposable Pen, 4 Needle, 4 Alcohol Swab) box of 1 pre-filled pen",Semaglutide,Alkem Labs,"Semaglutide is an anti-diabetic medication used for the treatment of type 2 diabetes, and an anti-obesity medication used for long-term weight management and to reduce the risk of major adverse cardiovascular events. It is a peptide similar to the hormone glucagon-like peptide-1 (GLP-1), modified with a side chain. It can be administered by subcutaneous injection or taken orally. It is sold as a generic drug by several drug companies in the Indian and Canadian markets, and worldwide by its originator, Novo Nordisk, under the brand names Ozempic and Rybelsus for diabetes, and under the brand name Wegovy for weight management, weight loss, and metabolic-associated steatohepatitis.",Pre-filled Pen,,,₹3497,https://drive.google.com/file/d/13EFSFEF49eWfvtAAkeeNpqHUUd8PNGe5/view?usp=drivesdk
"Semasize 0.25mg/0.5 Injection (1 Multi-dose Disposable Pen, 6 Needle, 6 Alcohol Swab) box of 1 pre-filled pen",Semaglutide,Alkem Labs,"Semaglutide is an anti-diabetic medication used for the treatment of type 2 diabetes, and an anti-obesity medication used for long-term weight management and to reduce the risk of major adverse cardiovascular events. It is a peptide similar to the hormone glucagon-like peptide-1 (GLP-1), modified with a side chain. It can be administered by subcutaneous injection or taken orally. It is sold as a generic drug by several drug companies in the Indian and Canadian markets, and worldwide by its originator, Novo Nordisk, under the brand names Ozempic and Rybelsus for diabetes, and under the brand name Wegovy for weight management, weight loss, and metabolic-associated steatohepatitis.",Pre-filled Pen,,,₹1900,https://drive.google.com/file/d/1YblyCe5N5s_fPVp4sURebWLmPzb0hTL-/view?usp=drivesdk
Obeda 14mg Tablet strip of 10 tablets,Semaglutide,Dr. Reddy's,"Semaglutide is an anti-diabetic medication used for the treatment of type 2 diabetes, and an anti-obesity medication used for long-term weight management and to reduce the risk of major adverse cardiovascular events. It is a peptide similar to the hormone glucagon-like peptide-1 (GLP-1), modified with a side chain. It can be administered by subcutaneous injection or taken orally. It is sold as a generic drug by several drug companies in the Indian and Canadian markets, and worldwide by its originator, Novo Nordisk, under the brand names Ozempic and Rybelsus for diabetes, and under the brand name Wegovy for weight management, weight loss, and metabolic-associated steatohepatitis.",Tablet,,,₹2248,https://drive.google.com/file/d/1QUCkEsWna2ZhRxy_3iPJnBheolN9j93z/view?usp=drivesdk
Glipiq 0.25mg/0.5mg Injection box of 1 injection,Semaglutide,Glenmark,"Semaglutide is an anti-diabetic medication used for the treatment of type 2 diabetes, and an anti-obesity medication used for long-term weight management and to reduce the risk of major adverse cardiovascular events. It is a peptide similar to the hormone glucagon-like peptide-1 (GLP-1), modified with a side chain. It can be administered by subcutaneous injection or taken orally. It is sold as a generic drug by several drug companies in the Indian and Canadian markets, and worldwide by its originator, Novo Nordisk, under the brand names Ozempic and Rybelsus for diabetes, and under the brand name Wegovy for weight management, weight loss, and metabolic-associated steatohepatitis.",Injection,,,₹1298,https://drive.google.com/file/d/1fbn1MPovzcJXgZF67Y870s7lVjuowNuW/view?usp=drivesdk
Semabest 4mg Injection box of 1 pre-filled pen,Semaglutide,MSN Laboratories,"Semaglutide is an anti-diabetic medication used for the treatment of type 2 diabetes, and an anti-obesity medication used for long-term weight management and to reduce the risk of major adverse cardiovascular events. It is a peptide similar to the hormone glucagon-like peptide-1 (GLP-1), modified with a side chain. It can be administered by subcutaneous injection or taken orally. It is sold as a generic drug by several drug companies in the Indian and Canadian markets, and worldwide by its originator, Novo Nordisk, under the brand names Ozempic and Rybelsus for diabetes, and under the brand name Wegovy for weight management, weight loss, and metabolic-associated steatohepatitis.",Pre-filled Pen,,,₹4486,https://drive.google.com/file/d/1d7yfqLAQG_UbTU6WxKys5ygMHnwvcdAL/view?usp=drivesdk
Olymviq 2mg Pre-filled Pen box of 1 pre-filled pen,Semaglutide,Dr. Reddy's,"Semaglutide is an anti-diabetic medication used for the treatment of type 2 diabetes, and an anti-obesity medication used for long-term weight management and to reduce the risk of major adverse cardiovascular events. It is a peptide similar to the hormone glucagon-like peptide-1 (GLP-1), modified with a side chain. It can be administered by subcutaneous injection or taken orally. It is sold as a generic drug by several drug companies in the Indian and Canadian markets, and worldwide by its originator, Novo Nordisk, under the brand names Ozempic and Rybelsus for diabetes, and under the brand name Wegovy for weight management, weight loss, and metabolic-associated steatohepatitis.",Pre-filled Pen,,,₹4200,https://drive.google.com/file/d/1qKarH3T7L2cQo6WzA-Svhxg6pIi3Q_43/view?usp=drivesdk
Mashlo 4mg Pre-filled Pen box of 1 pre-filled pen,Semaglutide,Dr. Reddy's,"Semaglutide is an anti-diabetic medication used for the treatment of type 2 diabetes, and an anti-obesity medication used for long-term weight management and to reduce the risk of major adverse cardiovascular events. It is a peptide similar to the hormone glucagon-like peptide-1 (GLP-1), modified with a side chain. It can be administered by subcutaneous injection or taken orally. It is sold as a generic drug by several drug companies in the Indian and Canadian markets, and worldwide by its originator, Novo Nordisk, under the brand names Ozempic and Rybelsus for diabetes, and under the brand name Wegovy for weight management, weight loss, and metabolic-associated steatohepatitis.",Pre-filled Pen,,,₹4196,https://drive.google.com/file/d/17piux2udM--jjPghLCoWvCa6hLjag-ig/view?usp=drivesdk
Semalix 14 Tablet strip of 10 tablets,Semaglutide,Torrent Pharmaceuticals Ltd,"Semaglutide is an anti-diabetic medication used for the treatment of type 2 diabetes, and an anti-obesity medication used for long-term weight management and to reduce the risk of major adverse cardiovascular events. It is a peptide similar to the hormone glucagon-like peptide-1 (GLP-1), modified with a side chain. It can be administered by subcutaneous injection or taken orally. It is sold as a generic drug by several drug companies in the Indian and Canadian markets, and worldwide by its originator, Novo Nordisk, under the brand names Ozempic and Rybelsus for diabetes, and under the brand name Wegovy for weight management, weight loss, and metabolic-associated steatohepatitis.",Tablet,,,₹2537,https://drive.google.com/file/d/1z433jmBS66bl5QrVjEYaF_lvhH5_PbvQ/view?usp=drivesdk
Obeda 7mg Tablet strip of 10 tablets,Semaglutide,Dr. Reddy's,"Semaglutide is an anti-diabetic medication used for the treatment of type 2 diabetes, and an anti-obesity medication used for long-term weight management and to reduce the risk of major adverse cardiovascular events. It is a peptide similar to the hormone glucagon-like peptide-1 (GLP-1), modified with a side chain. It can be administered by subcutaneous injection or taken orally. It is sold as a generic drug by several drug companies in the Indian and Canadian markets, and worldwide by its originator, Novo Nordisk, under the brand names Ozempic and Rybelsus for diabetes, and under the brand name Wegovy for weight management, weight loss, and metabolic-associated steatohepatitis.",Tablet,,,₹1349,https://drive.google.com/file/d/1XNzBtTVCha-2hE04bmPBHsZRet69FtiW/view?usp=drivesdk
Obeda 3mg Tablet strip of 10 tablets,Semaglutide,Dr. Reddy's,"Semaglutide is an anti-diabetic medication used for the treatment of type 2 diabetes, and an anti-obesity medication used for long-term weight management and to reduce the risk of major adverse cardiovascular events. It is a peptide similar to the hormone glucagon-like peptide-1 (GLP-1), modified with a side chain. It can be administered by subcutaneous injection or taken orally. It is sold as a generic drug by several drug companies in the Indian and Canadian markets, and worldwide by its originator, Novo Nordisk, under the brand names Ozempic and Rybelsus for diabetes, and under the brand name Wegovy for weight management, weight loss, and metabolic-associated steatohepatitis.",Tablet,,,₹989,https://drive.google.com/file/d/1FZOtJnyutPLWjTJhxT-msKZP8WZZ2lTk/view?usp=drivesdk
BluVial 2mg Injection box of 1 injection,Semaglutide,Eris Lifesciences,"Semaglutide is an anti-diabetic medication used for the treatment of type 2 diabetes, and an anti-obesity medication used for long-term weight management and to reduce the risk of major adverse cardiovascular events. It is a peptide similar to the hormone glucagon-like peptide-1 (GLP-1), modified with a side chain. It can be administered by subcutaneous injection or taken orally. It is sold as a generic drug by several drug companies in the Indian and Canadian markets, and worldwide by its originator, Novo Nordisk, under the brand names Ozempic and Rybelsus for diabetes, and under the brand name Wegovy for weight management, weight loss, and metabolic-associated steatohepatitis.",Vial,,,₹1753,https://drive.google.com/file/d/1cxy9mEvUYsAUpjPuHiGjDbN5KfEsWgX6/view?usp=drivesdk
Sundae Vial 2mg Injection box of 1 injection,Semaglutide,Eris Lifesciences,"Semaglutide is an anti-diabetic medication used for the treatment of type 2 diabetes, and an anti-obesity medication used for long-term weight management and to reduce the risk of major adverse cardiovascular events. It is a peptide similar to the hormone glucagon-like peptide-1 (GLP-1), modified with a side chain. It can be administered by subcutaneous injection or taken orally. It is sold as a generic drug by several drug companies in the Indian and Canadian markets, and worldwide by its originator, Novo Nordisk, under the brand names Ozempic and Rybelsus for diabetes, and under the brand name Wegovy for weight management, weight loss, and metabolic-associated steatohepatitis.",Vial,,,₹1753,https://drive.google.com/file/d/1vFcdZP6uEBUcTsyIXWMoAB5mEOeFRjFY/view?usp=drivesdk
Sundae Vial 1mg Injection box of 1 injection,Semaglutide,Eris Lifesciences,"Semaglutide is an anti-diabetic medication used for the treatment of type 2 diabetes, and an anti-obesity medication used for long-term weight management and to reduce the risk of major adverse cardiovascular events. It is a peptide similar to the hormone glucagon-like peptide-1 (GLP-1), modified with a side chain. It can be administered by subcutaneous injection or taken orally. It is sold as a generic drug by several drug companies in the Indian and Canadian markets, and worldwide by its originator, Novo Nordisk, under the brand names Ozempic and Rybelsus for diabetes, and under the brand name Wegovy for weight management, weight loss, and metabolic-associated steatohepatitis.",Vial,,,₹1294,https://drive.google.com/file/d/1pPBS4IsniJCDfIIhdMnW__IMPAfuy4iU/view?usp=drivesdk
Glipiq 4mg Pre-filled Pen box of 1 pre-filled pen,Semaglutide,Glenmark,"Semaglutide is an anti-diabetic medication used for the treatment of type 2 diabetes, and an anti-obesity medication used for long-term weight management and to reduce the risk of major adverse cardiovascular events. It is a peptide similar to the hormone glucagon-like peptide-1 (GLP-1), modified with a side chain. It can be administered by subcutaneous injection or taken orally. It is sold as a generic drug by several drug companies in the Indian and Canadian markets, and worldwide by its originator, Novo Nordisk, under the brand names Ozempic and Rybelsus for diabetes, and under the brand name Wegovy for weight management, weight loss, and metabolic-associated steatohepatitis.",Pre-filled Pen,,,₹3795,https://drive.google.com/file/d/1tZFRSK_XmWpxk0WPQkLWsp9dr84JVK8b/view?usp=drivesdk
Glipiq 8mg Pre-filled Pen box of 1 pre-filled pen,Semaglutide,Glenmark,"Semaglutide is an anti-diabetic medication used for the treatment of type 2 diabetes, and an anti-obesity medication used for long-term weight management and to reduce the risk of major adverse cardiovascular events. It is a peptide similar to the hormone glucagon-like peptide-1 (GLP-1), modified with a side chain. It can be administered by subcutaneous injection or taken orally. It is sold as a generic drug by several drug companies in the Indian and Canadian markets, and worldwide by its originator, Novo Nordisk, under the brand names Ozempic and Rybelsus for diabetes, and under the brand name Wegovy for weight management, weight loss, and metabolic-associated steatohepatitis.",Pre-filled Pen,,,₹3995,https://drive.google.com/file/d/1QG4t-i5XqLQ1j4lYOxRK8DI4ukN2l3Xf/view?usp=drivesdk
"Obesema 2.4mg Injection (1 Multi-dose Disposable Pen, 4 Needles, 4 Alcohol Swabs) box of 1 pre-filled pen",Semaglutide,Alkem Labs,"Semaglutide is an anti-diabetic medication used for the treatment of type 2 diabetes, and an anti-obesity medication used for long-term weight management and to reduce the risk of major adverse cardiovascular events. It is a peptide similar to the hormone glucagon-like peptide-1 (GLP-1), modified with a side chain. It can be administered by subcutaneous injection or taken orally. It is sold as a generic drug by several drug companies in the Indian and Canadian markets, and worldwide by its originator, Novo Nordisk, under the brand names Ozempic and Rybelsus for diabetes, and under the brand name Wegovy for weight management, weight loss, and metabolic-associated steatohepatitis.",Pre-filled Pen,,,₹3497,https://drive.google.com/file/d/1Ygi8KU95LfwijY_0BPei3EHxWkBN6Azg/view?usp=drivesdk
Mounjaro 2.5mg KwikPen pre-filled pen of 3 ml solution for injection,Tirzepatide,Eli Lilly,Tirzepatide is a gastric inhibitory polypeptide (GIP) analog and a GLP-1 receptor agonist. It is used as an antidiabetic medication to treat type 2 diabetes and for weight loss. Tirzepatide is administered via subcutaneous injections. It is sold in several countries under the brand name Mounjaro for diabetes treatment. In the United States it is sold under the brand name Zepbound for weight loss and treatment of obstructive sleep apnea.,Pre-filled Pen,,,₹13125,https://drive.google.com/file/d/1rv-ofu3lzMMZojMmBLtPkENnL9oF-GDU/view?usp=drivesdk
Yurpeak 2.5mg KwikPen pre-filled pen of 3 ml solution for injection,Tirzepatide,Cipla,Tirzepatide is a gastric inhibitory polypeptide (GIP) analog and a GLP-1 receptor agonist. It is used as an antidiabetic medication to treat type 2 diabetes and for weight loss. Tirzepatide is administered via subcutaneous injections. It is sold in several countries under the brand name Mounjaro for diabetes treatment. In the United States it is sold under the brand name Zepbound for weight loss and treatment of obstructive sleep apnea.,Pre-filled Pen,,,₹13125,https://drive.google.com/file/d/1s6DY2mAYDhNm_BMOzz1jP4mlArTb6Vup/view?usp=drivesdk
Mounjaro 5mg KwikPen pre-filled pen of 3 ml solution for injection,Tirzepatide,Eli Lilly,Tirzepatide is a gastric inhibitory polypeptide (GIP) analog and a GLP-1 receptor agonist. It is used as an antidiabetic medication to treat type 2 diabetes and for weight loss. Tirzepatide is administered via subcutaneous injections. It is sold in several countries under the brand name Mounjaro for diabetes treatment. In the United States it is sold under the brand name Zepbound for weight loss and treatment of obstructive sleep apnea.,Pre-filled Pen,,,₹16406,https://drive.google.com/file/d/18e_iBfLK_FbhQr626mnZfgjvTbtDbc3p/view?usp=drivesdk
Mounjaro 10mg KwikPen pre-filled pen of 3 ml solution for injection,Tirzepatide,Eli Lilly,Tirzepatide is a gastric inhibitory polypeptide (GIP) analog and a GLP-1 receptor agonist. It is used as an antidiabetic medication to treat type 2 diabetes and for weight loss. Tirzepatide is administered via subcutaneous injections. It is sold in several countries under the brand name Mounjaro for diabetes treatment. In the United States it is sold under the brand name Zepbound for weight loss and treatment of obstructive sleep apnea.,Pre-filled Pen,,,₹20625,https://drive.google.com/file/d/1s9bqQCEB3yghOXrMYZ8iIzZIpiqAA1M8/view?usp=drivesdk
Mounjaro 7.5mg KwikPen pre-filled pen of 3 ml solution for injection,Tirzepatide,Eli Lilly,Tirzepatide is a gastric inhibitory polypeptide (GIP) analog and a GLP-1 receptor agonist. It is used as an antidiabetic medication to treat type 2 diabetes and for weight loss. Tirzepatide is administered via subcutaneous injections. It is sold in several countries under the brand name Mounjaro for diabetes treatment. In the United States it is sold under the brand name Zepbound for weight loss and treatment of obstructive sleep apnea.,Pre-filled Pen,,,₹20625,https://drive.google.com/file/d/1D_HNO-ILfL2ZwjiL6741r58TlFHsDbfL/view?usp=drivesdk
Mounjaro 15mg KwikPen pre-filled pen of 3 ml solution for injection,Tirzepatide,Eli Lilly,Tirzepatide is a gastric inhibitory polypeptide (GIP) analog and a GLP-1 receptor agonist. It is used as an antidiabetic medication to treat type 2 diabetes and for weight loss. Tirzepatide is administered via subcutaneous injections. It is sold in several countries under the brand name Mounjaro for diabetes treatment. In the United States it is sold under the brand name Zepbound for weight loss and treatment of obstructive sleep apnea.,Pre-filled Pen,,,₹25781,https://drive.google.com/file/d/1A0Ne905UAxM62grTJbuyQgFoxgGkrOyr/view?usp=drivesdk
Mounjaro 12.5mg KwikPen pre-filled pen of 3 ml solution for injection,Tirzepatide,Eli Lilly,Tirzepatide is a gastric inhibitory polypeptide (GIP) analog and a GLP-1 receptor agonist. It is used as an antidiabetic medication to treat type 2 diabetes and for weight loss. Tirzepatide is administered via subcutaneous injections. It is sold in several countries under the brand name Mounjaro for diabetes treatment. In the United States it is sold under the brand name Zepbound for weight loss and treatment of obstructive sleep apnea.,Pre-filled Pen,,,₹25781,https://drive.google.com/file/d/105JwqZ8PsyRxqwBSafi_BmPSUULIoOkC/view?usp=drivesdk
Mounjaro 5mg Solution for Injection vial of 0.5 ml solution for injection,Tirzepatide,Eli Lilly,Tirzepatide is a gastric inhibitory polypeptide (GIP) analog and a GLP-1 receptor agonist. It is used as an antidiabetic medication to treat type 2 diabetes and for weight loss. Tirzepatide is administered via subcutaneous injections. It is sold in several countries under the brand name Mounjaro for diabetes treatment. In the United States it is sold under the brand name Zepbound for weight loss and treatment of obstructive sleep apnea.,Vial,,,₹4101,https://drive.google.com/file/d/1C_OGHeSBIxQWCBmwR8Te7c3_BViEG6qn/view?usp=drivesdk
Mounjaro 2.5mg Solution for Injection vial of 0.5 ml solution for injection,Tirzepatide,Eli Lilly,Tirzepatide is a gastric inhibitory polypeptide (GIP) analog and a GLP-1 receptor agonist. It is used as an antidiabetic medication to treat type 2 diabetes and for weight loss. Tirzepatide is administered via subcutaneous injections. It is sold in several countries under the brand name Mounjaro for diabetes treatment. In the United States it is sold under the brand name Zepbound for weight loss and treatment of obstructive sleep apnea.,Vial,,,₹3281,https://drive.google.com/file/d/190yCbQBaCJ-KQoh0aSkA9iTOsnLFtq75/view?usp=drivesdk
Yurpeak 5mg KwikPen pre-filled pen of 3 ml solution for injection,Tirzepatide,Cipla,Tirzepatide is a gastric inhibitory polypeptide (GIP) analog and a GLP-1 receptor agonist. It is used as an antidiabetic medication to treat type 2 diabetes and for weight loss. Tirzepatide is administered via subcutaneous injections. It is sold in several countries under the brand name Mounjaro for diabetes treatment. In the United States it is sold under the brand name Zepbound for weight loss and treatment of obstructive sleep apnea.,Pre-filled Pen,,,₹16406.25,https://drive.google.com/file/d/1BTK0vnfGro4Dpmlq42c7mBIcfRn0r-RU/view?usp=drivesdk
Yurpeak 12.5mg KwikPen pre-filled pen of 3 ml solution for injection,Tirzepatide,Cipla,Tirzepatide is a gastric inhibitory polypeptide (GIP) analog and a GLP-1 receptor agonist. It is used as an antidiabetic medication to treat type 2 diabetes and for weight loss. Tirzepatide is administered via subcutaneous injections. It is sold in several countries under the brand name Mounjaro for diabetes treatment. In the United States it is sold under the brand name Zepbound for weight loss and treatment of obstructive sleep apnea.,Pre-filled Pen,,,₹25781,https://drive.google.com/file/d/15Y7tgLp7R-9kHhnVI215ex6n_Ntup2qD/view?usp=drivesdk
Yurpeak 10mg KwikPen pre-filled pen of 3 ml solution for injection,Tirzepatide,Cipla,Tirzepatide is a gastric inhibitory polypeptide (GIP) analog and a GLP-1 receptor agonist. It is used as an antidiabetic medication to treat type 2 diabetes and for weight loss. Tirzepatide is administered via subcutaneous injections. It is sold in several countries under the brand name Mounjaro for diabetes treatment. In the United States it is sold under the brand name Zepbound for weight loss and treatment of obstructive sleep apnea.,Pre-filled Pen,,,₹20625,https://drive.google.com/file/d/1kFVccDZbgO5Qgm7DDHUyAytVdE4LnE3F/view?usp=drivesdk
Yurpeak 7.5mg KwikPen pre-filled pen of 3 ml solution for injection,Tirzepatide,Cipla,Tirzepatide is a gastric inhibitory polypeptide (GIP) analog and a GLP-1 receptor agonist. It is used as an antidiabetic medication to treat type 2 diabetes and for weight loss. Tirzepatide is administered via subcutaneous injections. It is sold in several countries under the brand name Mounjaro for diabetes treatment. In the United States it is sold under the brand name Zepbound for weight loss and treatment of obstructive sleep apnea.,Pre-filled Pen,,,₹20625,https://drive.google.com/file/d/1UYc7HlWCIo7Rv-dX7mo0ZKAo21Su4SXP/view?usp=drivesdk
Yurpeak 15mg KwikPen pre-filled pen of 3 ml solution for injection,Tirzepatide,Cipla,Tirzepatide is a gastric inhibitory polypeptide (GIP) analog and a GLP-1 receptor agonist. It is used as an antidiabetic medication to treat type 2 diabetes and for weight loss. Tirzepatide is administered via subcutaneous injections. It is sold in several countries under the brand name Mounjaro for diabetes treatment. In the United States it is sold under the brand name Zepbound for weight loss and treatment of obstructive sleep apnea.,Pre-filled Pen,,,₹25781,https://drive.google.com/file/d/15d87tnkx9WiA0LtWHjKBdFIKuAxQcI9G/view?usp=drivesdk
Lirafit Solution for Injection pre-filled pen of 3 ml solution for injection,Liraglutide,Glenmark Pharmaceuticals,"Liraglutide, sold under the brand name Victoza among others, is an anti-diabetic medication used to treat type 2 diabetes, and chronic obesity. It is a second-line therapy for diabetes following first-line therapy with metformin. Its effects on long-term health outcomes like heart disease and life expectancy are unclear. It is given by injection under the skin.",Pre-filled Pen,,,₹2085.94,https://drive.google.com/file/d/1Hegf4gWwspytRc6nS9tR128oAR9Zhpsn/view?usp=drivesdk
Erly Prefilled Pen pre-filled pen of 3 ml solution for injection,Liraglutide,Eris Lifesciences,"Liraglutide, sold under the brand name Victoza among others, is an anti-diabetic medication used to treat type 2 diabetes, and chronic obesity. It is a second-line therapy for diabetes following first-line therapy with metformin. Its effects on long-term health outcomes like heart disease and life expectancy are unclear. It is given by injection under the skin.",Pre-filled Pen,,,₹2062.5,https://drive.google.com/file/d/1-D_VnJWqlZ6QH1mRCqweO1Y4cv-8TXqz/view?usp=drivesdk
Gliptoza Pre-filled Pen pre-filled pen of 3 ml solution for injection,Liraglutide,Eris Lifesciences,"Liraglutide, sold under the brand name Victoza among others, is an anti-diabetic medication used to treat type 2 diabetes, and chronic obesity. It is a second-line therapy for diabetes following first-line therapy with metformin. Its effects on long-term health outcomes like heart disease and life expectancy are unclear. It is given by injection under the skin.",Pre-filled Pen,,,₹1875,https://drive.google.com/file/d/1v2-AhQdfuj4-BtPtljMn4D9PLdqw4j8r/view?usp=drivesdk
Lyrato Solution for Injection pre-filled pen of 3 ml solution for injection,Liraglutide,Eris Lifesciences,"Liraglutide, sold under the brand name Victoza among others, is an anti-diabetic medication used to treat type 2 diabetes, and chronic obesity. It is a second-line therapy for diabetes following first-line therapy with metformin. Its effects on long-term health outcomes like heart disease and life expectancy are unclear. It is given by injection under the skin.",Pre-filled Pen,,,₹1873,https://drive.google.com/file/d/11yPQ4MqLZ4zK4obFCQWNWddbNBSvuKoQ/view?usp=drivesdk
Victoza Solution for Injection pre-filled pen of 3 ml solution for injection,Liraglutide,Novo Nordisk,"Liraglutide, sold under the brand name Victoza among others, is an anti-diabetic medication used to treat type 2 diabetes, and chronic obesity. It is a second-line therapy for diabetes following first-line therapy with metformin. Its effects on long-term health outcomes like heart disease and life expectancy are unclear. It is given by injection under the skin.",Pre-filled Pen,,,₹4986,https://drive.google.com/file/d/1otznC_ydgA1YNp9RWRVc-lipaMRsi27i/view?usp=drivesdk
Xultophy Injection pre-filled pen of 3 ml injection,Liraglutide,Novo Nordisk,"Liraglutide, sold under the brand name Victoza among others, is an anti-diabetic medication used to treat type 2 diabetes, and chronic obesity. It is a second-line therapy for diabetes following first-line therapy with metformin. Its effects on long-term health outcomes like heart disease and life expectancy are unclear. It is given by injection under the skin.",Pre-filled Pen,,,₹5376.94,https://drive.google.com/file/d/1XUxOpp2646PAQjPTGMSBOCPwnMjQk_Ug/view?usp=drivesdk